<keymap version="1" name="Default copy" parent="Mac OS X 10.5+">
  <action id="$Redo">
    <keyboard-shortcut first-keystroke="shift alt back_space" />
    <keyboard-shortcut first-keystroke="meta alt z" />
  </action>
  <action id="ChangeSignature">
    <keyboard-shortcut first-keystroke="meta r" />
  </action>
  <action id="ChangesView.Revert" />
  <action id="CollapseRegion">
    <keyboard-shortcut first-keystroke="meta subtract" />
    <keyboard-shortcut first-keystroke="meta minus" />
    <keyboard-shortcut first-keystroke="ctrl subtract" />
  </action>
  <action id="CollapseSelection" />
  <action id="ContextHelp" />
  <action id="Coverage">
    <keyboard-shortcut first-keystroke="shift f6" />
  </action>
  <action id="Editor Redo">
    <keyboard-shortcut first-keystroke="meta alt z" />
  </action>
  <action id="EditorCloneCaretAbove">
    <keyboard-shortcut first-keystroke="ctrl alt up" />
  </action>
  <action id="EditorCloneCaretBelow">
    <keyboard-shortcut first-keystroke="ctrl alt down" />
  </action>
  <action id="EditorDuplicate">
    <keyboard-shortcut first-keystroke="meta d" />
    <keyboard-shortcut first-keystroke="shift meta down" />
  </action>
  <action id="EditorRight">
    <keyboard-shortcut first-keystroke="right" />
  </action>
  <action id="EditorSelectWord" />
  <action id="EditorUnSelectWord" />
  <action id="ExpandRegion">
    <keyboard-shortcut first-keystroke="meta add" />
    <keyboard-shortcut first-keystroke="meta equals" />
    <keyboard-shortcut first-keystroke="ctrl add" />
  </action>
  <action id="Find">
    <keyboard-shortcut first-keystroke="meta f" />
    <keyboard-shortcut first-keystroke="ctrl f" />
  </action>
  <action id="FindNext">
    <keyboard-shortcut first-keystroke="f3" />
    <keyboard-shortcut first-keystroke="alt down" />
  </action>
  <action id="FindPrevious">
    <keyboard-shortcut first-keystroke="shift f3" />
    <keyboard-shortcut first-keystroke="alt up" />
  </action>
  <action id="FindWordAtCaret">
    <keyboard-shortcut first-keystroke="alt down" />
  </action>
  <action id="GotoLine">
    <keyboard-shortcut first-keystroke="meta l" />
    <keyboard-shortcut first-keystroke="meta g" />
  </action>
  <action id="JumpToLastChange">
    <keyboard-shortcut first-keystroke="shift meta back_space" />
    <keyboard-shortcut first-keystroke="ctrl q" />
  </action>
  <action id="Macro.One-line-annotation">
    <keyboard-shortcut first-keystroke="shift meta f1" />
  </action>
  <action id="Macro.Save, Reformat and Optimize">
    <keyboard-shortcut first-keystroke="meta s" second-keystroke="s" />
  </action>
  <action id="MoveStatementDown" />
  <action id="NextOccurence">
    <keyboard-shortcut first-keystroke="alt down" />
  </action>
  <action id="PreviousOccurence">
    <keyboard-shortcut first-keystroke="alt up" />
  </action>
  <action id="Refresh" />
  <action id="RenameElement">
    <keyboard-shortcut first-keystroke="ctrl r" />
    <keyboard-shortcut first-keystroke="f2" />
  </action>
  <action id="ReopenClosedTab">
    <keyboard-shortcut first-keystroke="shift meta t" />
  </action>
  <action id="Replace">
    <keyboard-shortcut first-keystroke="ctrl h" />
  </action>
  <action id="Rerun" />
  <action id="ResizeToolWindowDown" />
  <action id="Resume">
    <keyboard-shortcut first-keystroke="meta alt r" />
    <keyboard-shortcut first-keystroke="f5" />
  </action>
  <action id="Run" />
  <action id="SaveAll" />
  <action id="SwitchApply">
    <keyboard-shortcut first-keystroke="ctrl alt enter" />
  </action>
  <action id="SwitchDown">
    <keyboard-shortcut first-keystroke="ctrl alt down" />
  </action>
  <action id="SwitchLeft">
    <keyboard-shortcut first-keystroke="ctrl alt left" />
  </action>
  <action id="SwitchRight">
    <keyboard-shortcut first-keystroke="ctrl alt right" />
  </action>
  <action id="SwitchUp">
    <keyboard-shortcut first-keystroke="ctrl alt up" />
  </action>
  <action id="ToggleBookmark" />
  <action id="TypeHierarchy" />
  <action id="UsageView.Rerun" />
  <action id="Vcs.RollbackChangedLines" />
</keymap>