<application>
  <component name="FileTypeManager" version="18">
    <extensionMap>
      <mapping pattern="build-phar" type="AUTO_DETECTED" />
      <mapping pattern="Jenkinsfile-utcs" type="AUTO_DETECTED" />
      <mapping pattern="build-deb-all-and-migrate" type="AUTO_DETECTED" />
      <mapping pattern="run-postgres" type="AUTO_DETECTED" />
      <mapping pattern="check-all" type="AUTO_DETECTED" />
      <mapping pattern="run-webpack" type="AUTO_DETECTED" />
      <mapping pattern="stepChKA" type="AUTO_DETECTED" />
      <mapping pattern="build-legacy-js" type="AUTO_DETECTED" />
      <mapping pattern="API-BUNDLE - VysokeSkoly - Github" type="Markdown" />
      <mapping pattern="svm-url-create" type="PHP" />
      <mapping pattern="svm-header-create" type="PHP" />
      <mapping pattern="boilerplate-console" type="PHP" />
      <mapping pattern="sm-header-parse" type="PHP" />
      <mapping pattern="API-BUNDLE LMC - stash" type="PLAIN_TEXT" />
      <mapping pattern=".prettierignore" type="PLAIN_TEXT" />
      <mapping pattern="__crm" type="PLAIN_TEXT" />
      <mapping pattern="LICENSE" type="PLAIN_TEXT" />
      <mapping pattern=".dockerignore" type="PLAIN_TEXT" />
      <mapping pattern="test" type="PLAIN_TEXT" />
      <mapping pattern="hosts" type="PLAIN_TEXT" />
      <mapping pattern=".gitkeep" type="PLAIN_TEXT" />
      <mapping pattern="gitkeep" type="PLAIN_TEXT" />
      <mapping pattern="stop" type="PLAIN_TEXT" />
      <mapping pattern=".nomad" type="PLAIN_TEXT" />
      <mapping pattern="foo" type="PLAIN_TEXT" />
      <mapping pattern="build-deb-vysokeskolysk" type="PLAIN_TEXT" />
      <mapping pattern="redirects20191209092408" type="PLAIN_TEXT" />
      <mapping pattern=".gititnore" type="PLAIN_TEXT" />
      <mapping ext="log" type="PLAIN_TEXT" />
      <mapping ext="ovpn" type="PLAIN_TEXT" />
      <mapping ext="backup" type="PLAIN_TEXT" />
      <mapping pattern="build-deb-app-vysokeskolysk" type="Shell Script" />
      <mapping pattern="start-czechuniversities" type="Shell Script" />
      <mapping pattern="build-deb-app-czechuniversities" type="Shell Script" />
      <mapping pattern="set-current-app" type="Shell Script" />
      <mapping pattern="build-deb-solr-config-czechuniversities" type="Shell Script" />
      <mapping pattern="translate" type="Shell Script" />
      <mapping pattern="build-deb-solr-config" type="Shell Script" />
      <mapping pattern="build-deb-solr-config-vysokeskolysk" type="Shell Script" />
      <mapping pattern="createContract" type="Shell Script" />
      <mapping pattern="copyAll" type="Shell Script" />
      <mapping pattern="gulp" type="Shell Script" />
      <mapping pattern="build-deb-app" type="Shell Script" />
      <mapping pattern="build-deb-all" type="Shell Script" />
      <mapping pattern="import-articles" type="Shell Script" />
      <mapping pattern="revokeAll" type="Shell Script" />
      <mapping pattern="migrate-all" type="Shell Script" />
      <mapping pattern="build-gulp" type="Shell Script" />
      <mapping pattern="build-deb-czechuniversities" type="Shell Script" />
      <mapping pattern="testsVVV" type="Shell Script" />
      <mapping pattern="copyComponents" type="Shell Script" />
      <mapping pattern="start" type="Shell Script" />
      <mapping pattern="selenium-server-start" type="Shell Script" />
      <mapping pattern="build-deb-solr-all" type="Shell Script" />
      <mapping pattern="bashInDocker" type="Shell Script" />
      <mapping ext="cron" type="TypeScript" />
      <mapping ext="dist" type="XML" />
      <mapping ext="downloaded" type="XML" />
      <mapping pattern=".consul.kv" type="YAML" />
      <removed_mapping ext="bat" approved="true" type="PLAIN_TEXT" />
      <removed_mapping ext="cmd" approved="true" type="PLAIN_TEXT" />
      <removed_mapping ext="dockerfile" approved="true" type="textmate" />
      <removed_mapping ext="makefile" approved="true" type="textmate" />
      <removed_mapping ext="snakefile" approved="true" type="textmate" />
      <removed_mapping pattern=".nomad" approved="true" type="HCL" />
      <mapping pattern=".gitignore_global" type="Git file" />
      <mapping pattern="addMovie" type="Bash" />
      <mapping pattern="backup-memc" type="Bash" />
      <mapping pattern="backup-pma" type="Bash" />
      <mapping pattern="copyImage" type="Bash" />
      <mapping pattern="create_collection" type="Bash" />
      <mapping pattern="crm" type="nginx file type" />
      <mapping pattern="debug-end" type="Bash" />
      <mapping pattern="debug-start" type="Bash" />
      <mapping pattern="install-memc" type="Bash" />
      <mapping pattern="link-me" type="Bash" />
      <mapping pattern="open" type="Bash" />
      <mapping pattern="run" type="Bash" />
      <mapping pattern="run-crm" type="Bash" />
      <mapping pattern="runAgainstCurrentContract" type="Bash" />
      <mapping pattern="tests_old" type="Bash" />
    </extensionMap>
  </component>
</application>