<application>
  <component name="BaseRefactoringSettings">
    <option name="SAFE_DELETE_WHEN_DELETE" value="false" />
    <option name="SAFE_DELETE_SEARCH_IN_COMMENTS" value="false" />
    <option name="SAFE_DELETE_SEARCH_IN_NON_JAVA" value="false" />
    <option name="RENAME_SEARCH_IN_COMMENTS_FOR_FILE" value="false" />
    <option name="RENAME_SEARCH_FOR_REFERENCES_FOR_FILE" value="false" />
    <option name="RENAME_SEARCH_FOR_REFERENCES_FOR_DIRECTORY" value="false" />
  </component>
  <component name="PhpRefactoringSettings">
    <option name="RENAME_PARAMETERS" value="false" />
    <option name="RENAME_SEARCH_IN_COMMENTS_FOR_METHOD" value="true" />
    <option name="RENAME_SEARCH_NON_CODE_FOR_METHOD" value="true" />
    <option name="EXTRACT_METHOD_DEFAULT_VISIBILITY" value="private" />
  </component>
</application>