<application>
  <component name="PhpCodeSniffer">
    <phpcs_settings>
      <PhpCSConfiguration max_messages_per_file="100" standards="MySource;PEAR;PHPCS;PSR1;PSR2;Squiz;Zend" tool_path="$USER_HOME$/.composer/vendor/squizlabs/php_codesniffer/scripts/phpcs" />
    </phpcs_settings>
  </component>
  <component name="PhpInterpreters">
    <interpreters>
      <interpreter id="c5bca417-9ef5-4a7b-acc2-0cd90d22339c" name="PHP" home="/usr/local/bin/php" debugger_id="php.debugger.XDebug" />
      <interpreter id="31a265d5-653a-4af4-954d-bc0f3f6f6e28" name="Remote PHP 5.6 (Vagrant)" home="vagrant://DATA" debugger_id="php.debugger.XDebug">
        <remote_data VAGRANT_FOLDER="$USER_HOME$/lmc/vagrant-lmc" INTERPRETER_PATH="/usr/bin/php" HELPERS_PATH="/home/vagrant/.phpstorm_helpers" INITIALIZED="false" VALID="true" RUN_AS_ROOT_VIA_SUDO="false" />
      </interpreter>
      <interpreter id="c588cfce-7abb-4ec6-b7a6-86ff7e5ca968" name="Remote PHP (dev5)" home="ssh://DATA" debugger_id="php.debugger.XDebug">
        <remote_data HOST="ap01.dev5.lmc.cz" PORT="22" USERNAME="chromecp" PRIVATE_KEY_FILE="$USER_HOME$/.ssh/id_rsa" USE_KEY_PAIR="true" USE_AUTH_AGENT="false" INTERPRETER_PATH="/usr/bin/php" HELPERS_PATH="/home/chromecp/.phpstorm_helpers" INITIALIZED="false" VALID="true" RUN_AS_ROOT_VIA_SUDO="false" />
      </interpreter>
    </interpreters>
  </component>
  <component name="PhpInterpretersPhpInfoCache">
    <phpInfoCache>
      <interpreter name="Remote PHP (dev5)">
        <phpinfo binary_type="PHP" php_cgi="/usr/bin/php-cgi" php_cli="/usr/bin/php" path_separator=":" remote_host="10.1.10.25" version="5.6.20">
          <additional_php_ini>/etc/php.d/10-opcache.ini, /etc/php.d/20-bcmath.ini, /etc/php.d/20-bz2.ini, /etc/php.d/20-calendar.ini, /etc/php.d/20-ctype.ini, /etc/php.d/20-curl.ini, /etc/php.d/20-dom.ini, /etc/php.d/20-exif.ini, /etc/php.d/20-fileinfo.ini, /etc/php.d/20-ftp.ini, /etc/php.d/20-gd.ini, /etc/php.d/20-gettext.ini, /etc/php.d/20-iconv.ini, /etc/php.d/20-imap.ini, /etc/php.d/20-intl.ini, /etc/php.d/20-ldap.ini, /etc/php.d/20-mbstring.ini, /etc/php.d/20-mcrypt.ini, /etc/php.d/20-mysqlnd.ini, /etc/php.d/20-odbc.ini, /etc/php.d/20-pdo.ini, /etc/php.d/20-pgsql.ini, /etc/php.d/20-phar.ini, /etc/php.d/20-posix.ini, /etc/php.d/20-shmop.ini, /etc/php.d/20-simplexml.ini, /etc/php.d/20-soap.ini, /etc/php.d/20-sockets.ini, /etc/php.d/20-sqlite3.ini, /etc/php.d/20-sysvmsg.ini, /etc/php.d/20-sysvsem.ini, /etc/php.d/20-sysvshm.ini, /etc/php.d/20-tokenizer.ini, /etc/php.d/20-xml.ini, /etc/php.d/20-xmlwriter.ini, /etc/php.d/20-xsl.ini, /etc/php.d/30-mysql.ini, /etc/php.d/30-mysqli.ini, /etc/php.d/30-pdo_mysql.ini, /etc/php.d/30-pdo_odbc.ini, /etc/php.d/30-pdo_pgsql.ini, /etc/php.d/30-pdo_sqlite.ini, /etc/php.d/30-wddx.ini, /etc/php.d/30-xmlreader.ini, /etc/php.d/40-igbinary.ini, /etc/php.d/40-json.ini, /etc/php.d/40-memcache.ini, /etc/php.d/40-msgpack.ini, /etc/php.d/40-xhprof.ini, /etc/php.d/40-zip.ini, /etc/php.d/50-memcached.ini, /etc/php.d/50-mongo.ini, /etc/php.d/gmagick.ini, /etc/php.d/ibm_db2.ini, /etc/php.d/opcache.ini</additional_php_ini>
          <configuration_file>/etc/php.ini</configuration_file>
          <configuration_options>
            <configuration_option name="include_path" value=".:/usr/share/pear:/usr/share/php" />
          </configuration_options>
          <debuggers />
          <loaded_extensions>
            <extension name="Core" />
            <extension name="PDO" />
            <extension name="PDO_ODBC" />
            <extension name="Phar" />
            <extension name="Reflection" />
            <extension name="SPL" />
            <extension name="SimpleXML" />
            <extension name="Zend OPcache" />
            <extension name="bcmath" />
            <extension name="bz2" />
            <extension name="calendar" />
            <extension name="ctype" />
            <extension name="curl" />
            <extension name="date" />
            <extension name="dom" />
            <extension name="ereg" />
            <extension name="exif" />
            <extension name="fileinfo" />
            <extension name="filter" />
            <extension name="ftp" />
            <extension name="gd" />
            <extension name="gettext" />
            <extension name="gmagick" />
            <extension name="hash" />
            <extension name="ibm_db2" />
            <extension name="iconv" />
            <extension name="igbinary" />
            <extension name="imap" />
            <extension name="intl" />
            <extension name="json" />
            <extension name="ldap" />
            <extension name="libxml" />
            <extension name="mbstring" />
            <extension name="mcrypt" />
            <extension name="memcache" />
            <extension name="memcached" />
            <extension name="mhash" />
            <extension name="mongo" />
            <extension name="msgpack" />
            <extension name="mysql" />
            <extension name="mysqli" />
            <extension name="mysqlnd" />
            <extension name="odbc" />
            <extension name="openssl" />
            <extension name="pcntl" />
            <extension name="pcre" />
            <extension name="pdo_mysql" />
            <extension name="pdo_pgsql" />
            <extension name="pdo_sqlite" />
            <extension name="pgsql" />
            <extension name="posix" />
            <extension name="readline" />
            <extension name="session" />
            <extension name="shmop" />
            <extension name="soap" />
            <extension name="sockets" />
            <extension name="sqlite3" />
            <extension name="standard" />
            <extension name="sysvmsg" />
            <extension name="sysvsem" />
            <extension name="sysvshm" />
            <extension name="tokenizer" />
            <extension name="wddx" />
            <extension name="xhprof" />
            <extension name="xml" />
            <extension name="xmlreader" />
            <extension name="xmlwriter" />
            <extension name="xsl" />
            <extension name="zip" />
            <extension name="zlib" />
          </loaded_extensions>
        </phpinfo>
      </interpreter>
      <interpreter name="PHP">
        <phpinfo binary_type="PHP" php_cgi="/usr/local/Cellar/php/7.4.3/bin/php-cgi" php_cli="/usr/local/Cellar/php/7.4.3/bin/php" path_separator=":" version="7.4.3">
          <additional_php_ini>/usr/local/etc/php/7.4/conf.d/ext-opcache.ini</additional_php_ini>
          <configuration_file>/usr/local/etc/php/7.4/php.ini</configuration_file>
          <configuration_options>
            <configuration_option name="include_path" value=".:/usr/local/Cellar/php/7.4.3/share/php/pear" />
          </configuration_options>
          <debuggers />
          <loaded_extensions>
            <extension name="Core" />
            <extension name="FFI" />
            <extension name="PDO" />
            <extension name="PDO_ODBC" />
            <extension name="Phar" />
            <extension name="Reflection" />
            <extension name="SPL" />
            <extension name="SimpleXML" />
            <extension name="Zend OPcache" />
            <extension name="bcmath" />
            <extension name="bz2" />
            <extension name="calendar" />
            <extension name="ctype" />
            <extension name="curl" />
            <extension name="date" />
            <extension name="dba" />
            <extension name="dom" />
            <extension name="exif" />
            <extension name="fileinfo" />
            <extension name="filter" />
            <extension name="ftp" />
            <extension name="gd" />
            <extension name="gettext" />
            <extension name="gmp" />
            <extension name="hash" />
            <extension name="iconv" />
            <extension name="igbinary" />
            <extension name="intl" />
            <extension name="json" />
            <extension name="ldap" />
            <extension name="libxml" />
            <extension name="mbstring" />
            <extension name="memcached" />
            <extension name="mysqli" />
            <extension name="mysqlnd" />
            <extension name="odbc" />
            <extension name="openssl" />
            <extension name="pcntl" />
            <extension name="pcre" />
            <extension name="pdo_dblib" />
            <extension name="pdo_mysql" />
            <extension name="pdo_pgsql" />
            <extension name="pdo_sqlite" />
            <extension name="pgsql" />
            <extension name="phpdbg_webhelper" />
            <extension name="posix" />
            <extension name="pspell" />
            <extension name="rdkafka" />
            <extension name="readline" />
            <extension name="session" />
            <extension name="shmop" />
            <extension name="soap" />
            <extension name="sockets" />
            <extension name="sodium" />
            <extension name="sqlite3" />
            <extension name="standard" />
            <extension name="sysvmsg" />
            <extension name="sysvsem" />
            <extension name="sysvshm" />
            <extension name="tidy" />
            <extension name="tokenizer" />
            <extension name="xml" />
            <extension name="xmlreader" />
            <extension name="xmlrpc" />
            <extension name="xmlwriter" />
            <extension name="xsl" />
            <extension name="zip" />
            <extension name="zlib" />
          </loaded_extensions>
        </phpinfo>
      </interpreter>
    </phpInfoCache>
  </component>
</application>