<application>
  <component name="FindSettings">
    <option name="customScope" value="All Places" />
    <option name="defaultScopeName" value="All Places" />
    <option name="localCaseSensitive" value="true" />
    <option name="LOCAL_CASE_SENSITIVE_SEARCH" value="true" />
    <option name="SEARCH_SCOPE" value="All Places" />
    <mask>*.properties</mask>
    <mask>*.jsp</mask>
    <mask>*.xml</mask>
    <mask>*.java</mask>
    <mask>*.as</mask>
    <mask>*.css</mask>
    <mask>*.mxml</mask>
    <mask>I*.php</mask>
    <mask>*.js</mask>
    <mask>*.twig</mask>
    <mask>*.yml</mask>
    <mask>*en.yaml</mask>
    <mask>*sk.yaml</mask>
    <mask>*.html</mask>
    <mask>*.sk.*</mask>
    <mask>*.php</mask>
  </component>
</application>