<application>
  <component name="ActionMacroManager">
    <macro name="Save csfixer and reformat">
      <action id="Tool_php_PHP sniffer" />
      <action id="ReformatCode" />
    </macro>
    <macro name="One-line-annotation">
      <action id="EditorDownWithSelection" />
      <action id="EditorLineStartWithSelection" />
      <action id="EditorBackSpace" />
      <typing text-keycode="32:0">&amp;#x20;</typing>
      <action id="EditorLineStart" />
      <action id="EditorRight" />
      <action id="EditorUpWithSelection" />
      <action id="EditorLineEndWithSelection" />
      <action id="EditorBackSpace" />
    </macro>
    <macro name="Route-add">
      <shortuct text="alt 2" />
      <typing text-keycode="82:1;79:0;85:0">Rou</typing>
      <action id="EditorChooseLookupItem" />
      <typing text-keycode="59:1;59:1">&quot;&quot;</typing>
      <action id="EditorLeft" />
      <action id="EditorPaste" />
      <action id="EditorRight" />
      <typing text-keycode="44:0;32:0;78:0;65:0">,&amp;#x20;na</typing>
      <action id="EditorChooseLookupItem" />
      <action id="EditorPaste" />
    </macro>
    <macro name="Save, Reformat and Optimize">
      <action id="Tool_php_PHP sniffer" />
      <action id="ReformatCode" />
      <action id="OptimizeImports" />
    </macro>
  </component>
</application>